url,title,target_level,category,level_fit,highlight_selection,engagement,freshness,engagement_reason,freshness_reason,strengths,issues,error
https://www.reverso.net/reader/en/e82cf7e2-e184-4860-b6b8-5ba4e2b060e4,Planning Crops for the Season,B2,Article,4,4,3,2,"The article is practical and easy to follow, but it reads more like a structured explanation than a story.","It covers a very standard farming topic in a predictable, textbook-like way.",clear B2-friendly vocabulary | useful topic with concrete examples | highlights mostly target key farming terms,some repetition of basic agricultural vocabulary | limited narrative progression | feels generic and instructional,
https://www.reverso.net/reader/en/9690acce-4e13-4543-962c-66c863ec65d1,An Email About Choosing Courses,B2,Email,4,4,2,2,"The letter is clear and practical, but it has little narrative movement or emotional pull.",It feels like a standard academic advice email with familiar wording and a predictable situation.,appropriate B2 academic vocabulary | clear real-life university context | good mix of useful highlighted terms,formal and static tone | limited curiosity or progression | somewhat generic topic and structure,
https://www.reverso.net/reader/en/569dbc12-f682-4e5f-8792-1bdd67d45fe4,"Storm, Flood, and Power Cut Update",B2,Announcement,4,4,3,2,"The update has real urgency and clear consequences, but it is still a straightforward public notice.","It is specific and realistic, but the format and content are very typical emergency-announcement material.","Useful B2 emergency vocabulary | Clear, coherent progression of information | Highlights mostly target key terms",Formal announcement style can feel dry | Some highlighted items are very basic or repetitive | Limited originality or surprise,
https://www.reverso.net/reader/en/76caecc5-7d01-42fb-987f-d633cdd0f753,Coming of Age in a Shared Apartment,B2,Article,4,4,3,3,"The topic is relatable and has a clear life progression, but it stays fairly reflective rather than story-driven.","It uses a familiar coming-of-age angle, though the shared-apartment focus gives it some specificity.",Clear B2 vocabulary in context | Relatable real-life theme | Good mix of abstract and concrete language,Some phrasing feels generic | Limited narrative tension | Highlights include a few very basic items,
https://www.reverso.net/reader/en/a6783db6-911a-48e2-a587-e472e98f8c55,How One Meetup Put a Startup on the Map,B2,Article,4,4,4,3,"It follows a clear real-world success story with a concrete outcome, which keeps the reader interested.","The networking-startup angle is specific, but the overall structure is still a familiar success anecdote.",Clear narrative progression | Useful B2 networking vocabulary | Relatable professional context,Some phrases are very basic | A few highlights are repetitive | Overall story is somewhat familiar,
https://www.reverso.net/reader/en/a7bc1559-450a-42e9-886b-d1bc7302f97f,How Would You Like Your Steak?,B1,Conversation,4,4,3,2,"The restaurant dialogue is easy to follow and has a clear service problem, but the situation is fairly routine.",It uses a common ordering-at-a-restaurant template with predictable vocabulary practice.,Useful real-life restaurant language | Clear progression from ordering to complaint | Good mix of food adjectives and phrases,Feels like a standard textbook dialogue | Some vocabulary is repetitive | Limited emotional or narrative interest,
https://www.reverso.net/reader/en/1442fcbe-0d5e-412a-bba8-ee1c47f6a983,Planning the Wedding Weekend,B2,Email,4,4,3,3,"The email has a clear real-life purpose and some social stakes, but it stays fairly calm and predictable.","It is specific and natural enough, but the wedding-planning format is still a familiar learner-text topic.",Natural email format | Useful wedding vocabulary | Clear context and progression,Some phrases are quite basic | Limited emotional tension | Topic is familiar and template-like,
https://www.reverso.net/reader/en/8382b626-e5a8-44c1-979b-d8532407f1db,Inside a Busy Lecture Hall,B2,Story,4,4,4,3,"The surprise quiz and Maya’s reaction create a clear, relatable progression that keeps the reader moving.","The classroom scene is specific and well written, but the overall setup is still a familiar student-life template.",Natural academic context | Good B2 vocabulary focus | Clear narrative progression,Some highlighted words are very basic | Topic is fairly familiar | Limited originality in the scenario,
https://www.reverso.net/reader/en/0d195b2a-90e6-4b2c-8dbe-b74ac638958b,Retirement Club Open Day,B2,Announcement,4,3,2,2,"It is clear and practical, but the format is mostly a static announcement with little narrative pull.",The topic and structure feel very familiar and template-like for learner materials.,"clear, accessible event notice | useful community vocabulary | some learner-friendly repetition",mostly generic and predictable | limited emotional or narrative interest | several highlights are basic or repetitive,
https://www.reverso.net/reader/en/f170d6a2-57ae-430e-8f96-64eb6ae1141c,From Internship to Graduation,C1,Article,4,4,3,2,"The article is clear and relevant, but it follows a familiar university-life progression with limited tension or surprise.","It is well written, but the topic and examples are quite standard and feel like typical learner-content material.",Appropriate C1 vocabulary | Clear academic progression | Useful highlighted terms,Some sections feel generic | Limited narrative interest | A few highlights are basic,
https://www.reverso.net/reader/en/e23ddc20-623c-4bd7-b4cf-cab65c3f84cd,Welcome Desk at a Busy Family Restaurant,B1,Conversation,4,4,3,2,"The restaurant check-in scene is practical and easy to follow, but it has limited tension or surprise.","It is a clear learner dialogue, but the situation and wording are fairly standard and predictable.","Useful everyday restaurant vocabulary | Clear, realistic dialogue structure | Good mix of service-related phrases",Feels like a textbook-style scenario | Some phrases may be slightly advanced for B1 | Limited narrative progression,
https://www.reverso.net/reader/en/b7eb2c3a-6dab-46b1-a9d1-8b18d2e231f7,"Business Cards, QR Codes, and Quick Exchanges",B2,Article,4,4,3,3,"The topic is practical and relatable, but it stays fairly instructional and predictable.","It uses a modern QR-code angle, but the overall networking advice is still quite standard.",Clear B2-friendly vocabulary | Useful real-life networking language | Good mix of traditional and digital terms,Mostly explanatory rather than story-driven | Some repeated highlights | Feels like standard learner material,
https://www.reverso.net/reader/en/99d2f77e-9c89-4dda-bd08-9d5d48e2bcd3,Ambulance Crew on Scene,B2,Story,4,4,4,4,The accident scene creates immediate tension and a clear progression that keeps readers interested.,"The article uses a specific emergency scenario with concrete details, which feels more vivid than generic learner text.",Clear real-life narrative | Useful emergency vocabulary | Good pacing and progression,Some medical terms may be slightly advanced | A few highlights are repeated | Topic is serious but familiar,
https://www.reverso.net/reader/en/e9536c65-85a6-47dd-9d3f-661bd8b3086b,"Calm, Clear, and Ready: Interview Presence",C1,Article,4,4,3,2,"The topic is practical and relevant, but the article stays in a predictable advice format.","It is clear and polished, but the content feels like a standard interview-preparation text.",Useful C1 vocabulary in context | Clear progression from first impression to final takeaway | Highlights mostly target advanced descriptive language,Advice is somewhat generic and formulaic | Limited narrative or human tension | A few highlighted items are close to synonyms rather than high-value learning targets,
https://www.reverso.net/reader/en/afb5adc7-8abf-4541-a624-aa51d04f0785,The Resume That Gets a Recruiter’s Attention,B2,Article,4,4,3,2,"The article is practical and relevant, but it reads like a standard advice checklist rather than a compelling story.","It is clear and useful, but the topic and examples are very familiar and feel template-like.",Useful B2 workplace vocabulary | Clear progression from summary to cover letter | Good focus on concrete writing improvements,Mostly generic career-advice format | Limited narrative or emotional pull | Some phrases may be slightly advanced but still manageable,
https://www.reverso.net/reader/en/bda63995-46b6-4216-92a7-7033a9ad7af2,Morning Care in a Flower Garden,B2,Story,4,4,3,3,"The garden routine is calm and easy to follow, but it has only mild narrative movement.","The scene is pleasant and specific, but the overall setup is a familiar learner-text topic.","Clear, coherent vocabulary theme | Natural repeated highlights for key nouns | Readable progression through one morning routine",Some vocabulary is very basic for B2 | Limited tension or surprise | Feels like a standard ESL reading,
https://www.reverso.net/reader/en/ec2fe133-7743-4f35-a35f-aaba7efe01c6,New Rules for Private Events and Groups,B2,Announcement,4,4,2,2,"The text is practical and clear, but it reads like a standard notice with little narrative movement.",It is a familiar restaurant policy announcement with predictable wording and no distinctive angle.,Useful real-life vocabulary | Clear structure and purpose | Good B2 business/service terms,Mostly static and procedural | Feels like a generic notice | Limited emotional or narrative pull,
https://www.reverso.net/reader/en/695c5ca6-5b0c-4e8c-bdfb-b80606a220b8,When a Business Guest Needs Extra Help,B2,Story,4,4,3,2,"The hotel problem creates a clear, practical situation, but the story stays fairly predictable.",It is a standard hotel-service scenario with familiar vocabulary and little surprise.,clear B2-friendly context | useful hotel vocabulary | simple narrative progression,some vocabulary is basic for B2 | scenario feels template-like | limited emotional or narrative tension,
https://www.reverso.net/reader/en/98426c90-5801-45ca-8867-bb0ad68567f6,A Server Sets the Table,B2,Story,4,4,3,2,"The article has a clear real-life task and a small sense of progression, but it stays mostly procedural.","It is specific in a restaurant setting, but the content follows a very familiar textbook-style routine.",clear B2-friendly vocabulary context | useful practical topic | coherent step-by-step progression,repetitive list-like structure | limited emotional or narrative tension | feels like standard learner material,
https://www.reverso.net/reader/en/12b060b7-13cb-403f-ba10-623146a5598a,When the Situation Is Finally Safe,B2,Story,4,5,4,3,"The blackout and accident create a clear, tense situation that keeps the reader moving forward.","The story is clear and specific, but the emergency scenario is still fairly familiar and textbook-like.",Strong real-life context | Useful emergency vocabulary | Clear narrative progression,Some phrases may be slightly advanced for B2 | Ending is predictable | Topic is familiar,
